{
  "invoices": [
    {
      "id": "1",
      "date": 1698068782,
      "payment_date": 1698068782,
      "company": {
        "name": "Company 1",
        "address": "Address 1",
        "nip": "1234567890"
      },
      "customer": {
        "name": "Customer 1",
        "address": "Address 1",
        "nip": "0987654321"
      },
      "items": [
        {
          "name": "Item 1",
          "quantity": 1,
          "price": 100,
          "vat": 23
        },
        {
          "name": "Item 2",
          "quantity": 2,
          "price": 10,
          "vat": 23
        }
      ]
    },
    {
      "payment_date": 1696377600,
      "company": {
        "name": "sghfg",
        "address": "sdfgsdf",
        "nip": "45634678"
      },
      "customer": {
        "name": "fdhfj",
        "address": "fghdfh",
        "nip": "5674567"
      },
      "items": [
        {
          "name": "dfghfgh",
          "price": 356,
          "quantity": 22,
          "vat": 23
        }
      ],
      "date": 1698078121,
      "id": "456346781698078121"
    },
    {
      "payment_date": 1697760000,
      "company": {
        "name": "fghfdhg",
        "address": "dfghfd",
        "nip": "345345"
      },
      "customer": {
        "name": "dfgsd",
        "address": "dfghdfgh",
        "nip": "45634"
      },
      "items": [
        {
          "name": "jaja",
          "price": 23,
          "quantity": 2,
          "vat": 23
        },
        {
          "name": "sdasd",
          "price": 456,
          "quantity": 1,
          "vat": 34
        }
      ],
      "date": 1698078237,
      "id": "3453451698078237"
    }
  ]
}